Name,Number,Date,Number 1,Number 2,Number 3,Number 4,Number 5,Number 6,Number 7,Number 8,Number 9,Number 10,Number 11,Number 12,Number 13,Number 14,Number 15
LOTOFÁCIL,3184,17/08/2024,01,04,05,07,08,12,14,17,18,19,21,22,23,24,25
LOTOFÁCIL,3183,16/08/2024,01,04,05,07,08,10,11,13,15,16,17,18,22,24,25
LOTOFÁCIL,3182,15/08/2024,01,02,04,05,06,07,09,10,12,15,18,19,21,22,23
LOTOFÁCIL,3181,14/08/2024,03,06,07,08,10,11,13,16,18,19,20,21,22,23,24
LOTOFÁCIL,3180,13/08/2024,02,04,05,06,08,10,12,13,15,16,17,18,19,20,21
LOTOFÁCIL,3179,12/08/2024,03,04,05,07,08,11,12,16,17,18,21,22,23,24,25
LOTOFÁCIL,3178,10/08/2024,01,03,04,05,06,07,09,10,14,16,19,20,23,24,25
LOTOFÁCIL,3177,09/08/2024,01,03,05,06,07,08,10,14,15,18,19,20,21,23,24
LOTOFÁCIL,3176,08/08/2024,01,02,03,06,07,08,11,12,14,15,17,21,22,24,25
LOTOFÁCIL,3175,07/08/2024,01,02,03,05,06,07,08,09,10,11,13,17,22,23,24
LOTOFÁCIL,3174,06/08/2024,01,02,03,04,05,07,10,12,14,16,20,21,22,24,25
LOTOFÁCIL,3173,05/08/2024,01,02,03,05,06,08,09,10,12,14,15,16,21,22,24
LOTOFÁCIL,3172,03/08/2024,02,04,05,06,08,09,11,12,13,14,15,17,19,23,25
LOTOFÁCIL,3171,02/08/2024,01,06,07,08,12,13,14,15,17,18,19,20,21,22,23
LOTOFÁCIL,3170,01/08/2024,01,02,05,06,08,09,10,12,14,15,16,17,21,22,25
LOTOFÁCIL,3169,31/07/2024,03,04,06,07,10,11,13,14,15,16,19,21,22,23,24
LOTOFÁCIL,3168,30/07/2024,01,02,03,08,09,10,12,14,15,16,18,19,20,23,24
LOTOFÁCIL,3167,29/07/2024,01,02,03,05,06,07,08,12,13,14,17,18,19,23,25
LOTOFÁCIL,3166,27/07/2024,03,05,06,07,11,12,13,14,16,17,18,20,22,23,24
LOTOFÁCIL,3165,26/07/2024,02,03,04,05,07,08,09,10,11,12,13,15,17,21,24
LOTOFÁCIL,3164,25/07/2024,01,02,03,04,06,07,08,09,10,12,14,15,17,20,22
LOTOFÁCIL,3163,24/07/2024,05,06,07,09,10,13,15,17,18,19,21,22,23,24,25
LOTOFÁCIL,3162,23/07/2024,01,02,03,06,08,10,12,14,16,17,18,20,22,24,25
LOTOFÁCIL,3161,22/07/2024,01,02,04,05,06,08,10,12,15,16,20,21,23,24,25
LOTOFÁCIL,3160,20/07/2024,01,03,05,06,07,09,11,12,14,15,17,20,22,23,24
LOTOFÁCIL,3159,19/07/2024,01,02,03,04,05,06,07,08,10,12,16,20,21,22,23
LOTOFÁCIL,3158,18/07/2024,01,02,04,09,10,11,12,14,15,17,19,22,23,24,25
LOTOFÁCIL,3157,17/07/2024,01,02,04,05,07,08,09,10,11,13,14,17,18,20,21
LOTOFÁCIL,3156,16/07/2024,01,05,06,08,09,10,12,14,16,17,18,19,20,21,22
LOTOFÁCIL,3155,15/07/2024,01,04,05,06,07,08,10,11,13,15,16,18,19,20,21
LOTOFÁCIL,3154,13/07/2024,01,02,03,04,08,09,12,14,15,16,18,20,23,24,25
LOTOFÁCIL,3153,12/07/2024,01,02,03,05,07,08,10,13,15,18,21,22,23,24,25
LOTOFÁCIL,3152,11/07/2024,01,02,05,06,07,08,09,10,14,15,19,21,22,23,25
LOTOFÁCIL,3151,10/07/2024,02,03,05,06,07,08,10,12,14,15,16,18,22,23,25
LOTOFÁCIL,3150,09/07/2024,01,02,05,06,09,11,12,13,14,15,16,17,20,24,25
LOTOFÁCIL,3149,08/07/2024,01,03,05,06,08,09,11,12,14,15,17,19,20,21,23
LOTOFÁCIL,3148,06/07/2024,01,02,05,07,08,09,10,12,16,19,21,22,23,24,25
LOTOFÁCIL,3147,05/07/2024,02,04,05,06,07,08,10,11,13,14,15,16,17,18,24
LOTOFÁCIL,3146,04/07/2024,02,03,05,08,09,11,13,14,15,17,18,19,20,22,23
LOTOFÁCIL,3145,03/07/2024,01,02,04,07,09,12,13,14,16,17,18,19,20,23,25
LOTOFÁCIL,3144,02/07/2024,01,03,04,06,07,08,10,12,13,14,15,16,18,22,24
LOTOFÁCIL,3143,01/07/2024,02,05,06,09,12,13,14,15,17,18,19,20,21,23,25
LOTOFÁCIL,3142,29/06/2024,01,03,04,06,07,09,10,13,14,15,16,17,18,20,22
LOTOFÁCIL,3141,28/06/2024,02,03,07,08,10,11,13,14,15,17,19,20,22,23,24
LOTOFÁCIL,3140,27/06/2024,01,02,03,06,07,08,10,11,14,15,17,19,22,23,25
LOTOFÁCIL,3139,26/06/2024,01,03,04,06,07,08,09,11,13,15,17,18,20,21,25
LOTOFÁCIL,3138,25/06/2024,01,02,03,04,06,07,17,18,19,20,21,22,23,24,25
LOTOFÁCIL,3137,24/06/2024,01,04,06,07,08,09,12,13,15,18,20,21,23,24,25
LOTOFÁCIL,3136,22/06/2024,02,04,06,08,10,12,13,14,15,17,18,19,20,22,23
LOTOFÁCIL,3135,21/06/2024,01,02,03,05,09,10,11,13,17,20,21,22,23,24,25
LOTOFÁCIL,3134,20/06/2024,01,03,06,07,08,09,12,13,14,15,18,19,20,21,25
LOTOFÁCIL,3133,19/06/2024,02,05,06,09,10,11,12,14,15,17,19,20,22,24,25
LOTOFÁCIL,3132,18/06/2024,02,03,04,05,07,10,11,13,14,15,16,22,23,24,25
LOTOFÁCIL,3131,17/06/2024,02,03,04,05,06,07,08,09,12,14,17,22,23,24,25
LOTOFÁCIL,3130,15/06/2024,01,02,05,08,09,10,12,13,14,15,16,20,21,22,24
LOTOFÁCIL,3129,14/06/2024,01,02,04,06,07,08,14,15,16,17,18,19,22,23,25
LOTOFÁCIL,3128,13/06/2024,01,02,05,08,09,10,11,13,14,16,17,18,20,21,24
LOTOFÁCIL,3127,12/06/2024,02,03,04,07,12,14,15,16,18,20,21,22,23,24,25
LOTOFÁCIL,3126,11/06/2024,01,04,05,06,07,09,10,13,14,16,19,21,23,24,25
LOTOFÁCIL,3125,10/06/2024,03,05,06,09,10,12,13,14,16,17,18,19,20,21,24
LOTOFÁCIL,3124,08/06/2024,01,03,05,09,12,13,14,15,16,17,19,20,21,22,25
LOTOFÁCIL,3123,07/06/2024,01,03,05,08,09,13,14,15,16,17,21,22,23,24,25
LOTOFÁCIL,3122,06/06/2024,01,02,03,04,07,12,13,15,17,18,19,21,22,23,25
LOTOFÁCIL,3121,05/06/2024,01,02,03,04,06,07,08,11,14,17,19,22,23,24,25
LOTOFÁCIL,3120,04/06/2024,01,03,04,05,07,08,10,11,13,15,16,17,18,19,21
LOTOFÁCIL,3119,03/06/2024,02,04,07,08,09,10,12,14,16,19,21,22,23,24,25
LOTOFÁCIL,3118,01/06/2024,01,06,07,10,11,12,14,15,18,19,21,22,23,24,25
LOTOFÁCIL,3117,31/05/2024,01,02,04,07,09,11,12,15,16,17,18,19,21,22,23
LOTOFÁCIL,3116,29/05/2024,02,03,04,05,07,09,12,14,15,16,19,21,22,23,24
LOTOFÁCIL,3115,28/05/2024,01,03,04,06,09,11,12,13,15,16,18,20,22,24,25
LOTOFÁCIL,3114,27/05/2024,02,03,04,05,06,07,08,10,12,13,14,16,21,23,25
LOTOFÁCIL,3113,25/05/2024,01,03,05,06,08,09,11,14,16,18,21,22,23,24,25
LOTOFÁCIL,3112,24/05/2024,01,02,03,05,07,08,09,11,12,15,16,18,19,20,22
LOTOFÁCIL,3111,23/05/2024,02,03,04,05,07,09,10,12,13,15,16,18,19,22,23
LOTOFÁCIL,3110,22/05/2024,01,03,04,06,09,12,13,14,15,16,18,20,23,24,25
LOTOFÁCIL,3109,21/05/2024,01,03,05,08,09,10,12,15,16,17,18,19,20,21,23
LOTOFÁCIL,3108,20/05/2024,02,03,04,06,07,11,12,13,14,15,18,20,22,23,25
LOTOFÁCIL,3107,18/05/2024,01,02,03,04,05,07,09,10,12,13,16,17,19,23,25
LOTOFÁCIL,3106,17/05/2024,02,03,04,07,10,12,13,14,15,17,19,20,21,22,25
LOTOFÁCIL,3105,16/05/2024,02,04,05,06,08,10,12,14,15,16,17,22,23,24,25
LOTOFÁCIL,3104,15/05/2024,01,02,03,04,05,06,08,09,10,13,15,17,19,24,25
LOTOFÁCIL,3103,14/05/2024,02,05,06,07,08,11,12,13,15,16,17,22,23,24,25
LOTOFÁCIL,3102,13/05/2024,01,08,10,11,12,13,14,15,16,18,19,20,21,24,25
LOTOFÁCIL,3101,11/05/2024,03,08,09,10,11,12,15,17,18,19,20,21,23,24,25
LOTOFÁCIL,3100,10/05/2024,01,02,03,04,06,08,09,10,15,16,18,20,21,22,25
LOTOFÁCIL,3099,09/05/2024,01,05,06,07,08,10,11,12,17,18,20,21,22,23,25
LOTOFÁCIL,3098,08/05/2024,01,02,03,05,06,08,10,11,13,14,15,16,19,21,24
LOTOFÁCIL,3097,07/05/2024,01,02,03,04,07,08,09,12,13,14,15,17,18,20,25
LOTOFÁCIL,3096,06/05/2024,02,03,04,06,09,13,14,15,16,17,19,20,21,22,25
LOTOFÁCIL,3095,04/05/2024,01,02,04,05,06,07,08,10,11,12,19,21,22,23,24
LOTOFÁCIL,3094,03/05/2024,02,03,04,05,06,08,10,12,13,14,15,17,18,21,22
LOTOFÁCIL,3093,02/05/2024,01,02,03,05,06,07,10,12,14,16,17,20,22,24,25
LOTOFÁCIL,3092,30/04/2024,01,04,05,06,08,09,10,13,15,17,20,21,22,23,25
LOTOFÁCIL,3091,29/04/2024,02,04,05,08,09,11,13,14,15,18,19,20,21,24,25
LOTOFÁCIL,3090,27/04/2024,01,03,04,08,10,11,13,14,17,18,19,21,22,23,25
LOTOFÁCIL,3089,26/04/2024,01,02,04,05,08,10,11,12,13,15,18,20,21,22,23
LOTOFÁCIL,3088,25/04/2024,01,02,03,05,09,10,11,13,15,18,20,21,22,23,25
LOTOFÁCIL,3087,24/04/2024,01,02,03,04,05,06,07,10,12,14,17,18,21,24,25
LOTOFÁCIL,3086,23/04/2024,01,03,04,05,06,07,11,12,13,16,17,18,19,21,23
LOTOFÁCIL,3085,22/04/2024,02,03,04,06,07,09,11,12,13,14,15,19,20,24,25
