Name,Number,Date,Number 1,Number 2,Number 3,Number 4,Number 5,Number 6
MEGA-SENA,2763,17/08/2024,15,16,19,43,44,49
MEGA-SENA,2762,15/08/2024,01,17,30,40,48,50
MEGA-SENA,2761,13/08/2024,03,22,34,44,49,57
MEGA-SENA,2760,10/08/2024,08,11,19,39,47,48
MEGA-SENA,2759,08/08/2024,03,10,38,40,48,59
MEGA-SENA,2758,06/08/2024,19,35,36,37,41,60
MEGA-SENA,2757,03/08/2024,01,21,37,40,51,54
MEGA-SENA,2756,01/08/2024,01,06,13,18,43,46
MEGA-SENA,2755,30/07/2024,07,13,17,33,41,58
MEGA-SENA,2754,27/07/2024,10,14,44,55,56,58
MEGA-SENA,2753,25/07/2024,06,26,31,46,52,55
MEGA-SENA,2752,23/07/2024,04,15,24,40,44,47
MEGA-SENA,2751,20/07/2024,04,13,18,42,52,53
MEGA-SENA,2750,18/07/2024,07,11,12,19,36,52
MEGA-SENA,2749,16/07/2024,08,25,27,38,43,44
MEGA-SENA,2748,13/07/2024,19,32,43,46,50,52
MEGA-SENA,2747,10/07/2024,14,17,24,28,36,45
MEGA-SENA,2746,06/07/2024,22,27,30,43,51,56
MEGA-SENA,2745,04/07/2024,02,05,07,11,52,57
MEGA-SENA,2744,02/07/2024,10,25,26,33,34,38
MEGA-SENA,2743,29/06/2024,13,25,27,30,37,53
MEGA-SENA,2742,27/06/2024,02,11,25,32,37,57
MEGA-SENA,2741,25/06/2024,01,33,35,39,42,56
MEGA-SENA,2740,22/06/2024,13,16,17,34,41,47
MEGA-SENA,2739,20/06/2024,19,25,37,45,47,53
MEGA-SENA,2738,18/06/2024,02,19,25,44,46,60
MEGA-SENA,2737,15/06/2024,16,20,30,34,37,45
MEGA-SENA,2736,13/06/2024,11,17,24,26,35,43
MEGA-SENA,2735,11/06/2024,05,33,46,47,53,59
MEGA-SENA,2734,08/06/2024,21,27,35,48,59,60
MEGA-SENA,2733,06/06/2024,14,20,21,39,44,56
MEGA-SENA,2732,04/06/2024,01,03,16,18,49,60
MEGA-SENA,2731,01/06/2024,04,12,32,45,49,58
MEGA-SENA,2730,28/05/2024,07,24,29,41,46,60
MEGA-SENA,2729,25/05/2024,20,27,41,47,53,54
MEGA-SENA,2728,23/05/2024,02,09,11,25,43,51
MEGA-SENA,2727,21/05/2024,04,32,39,48,51,57
MEGA-SENA,2726,18/05/2024,27,45,49,53,55,59
MEGA-SENA,2725,16/05/2024,02,10,32,33,38,47
MEGA-SENA,2724,14/05/2024,11,21,24,26,42,54
MEGA-SENA,2723,11/05/2024,06,12,19,28,50,60
MEGA-SENA,2722,09/05/2024,19,23,25,36,44,46
MEGA-SENA,2721,07/05/2024,09,10,11,25,46,48
MEGA-SENA,2720,04/05/2024,08,15,16,23,42,43
MEGA-SENA,2719,30/04/2024,16,25,27,30,42,48
MEGA-SENA,2718,27/04/2024,06,30,34,41,46,59
MEGA-SENA,2717,25/04/2024,06,22,34,36,44,50
MEGA-SENA,2716,23/04/2024,05,20,27,28,48,49
MEGA-SENA,2715,20/04/2024,07,19,25,46,50,53
MEGA-SENA,2714,18/04/2024,16,17,42,45,52,57
MEGA-SENA,2713,16/04/2024,09,23,25,26,35,58
MEGA-SENA,2712,13/04/2024,07,15,19,35,40,42
MEGA-SENA,2711,11/04/2024,14,36,38,46,55,60
MEGA-SENA,2710,09/04/2024,05,06,25,42,44,50
MEGA-SENA,2709,06/04/2024,12,22,23,24,47,53
MEGA-SENA,2708,04/04/2024,10,11,12,19,23,28
MEGA-SENA,2707,02/04/2024,07,09,11,39,54,57
MEGA-SENA,2706,30/03/2024,10,11,17,24,30,45
MEGA-SENA,2705,26/03/2024,02,16,22,27,35,47
MEGA-SENA,2704,23/03/2024,03,07,10,25,31,52
MEGA-SENA,2703,21/03/2024,03,07,11,35,38,56
MEGA-SENA,2702,19/03/2024,06,13,20,34,40,46
MEGA-SENA,2701,16/03/2024,06,15,18,31,32,47
MEGA-SENA,2700,14/03/2024,01,11,19,20,28,48
MEGA-SENA,2699,12/03/2024,09,23,31,49,54,58
MEGA-SENA,2698,09/03/2024,02,18,19,35,45,60
MEGA-SENA,2697,07/03/2024,10,11,13,25,27,42
MEGA-SENA,2696,05/03/2024,04,13,18,39,55,59
MEGA-SENA,2695,02/03/2024,15,17,32,33,34,40
MEGA-SENA,2694,29/02/2024,07,20,22,29,41,58
MEGA-SENA,2693,27/02/2024,11,29,44,45,46,50
MEGA-SENA,2692,24/02/2024,09,33,45,55,56,59
MEGA-SENA,2691,22/02/2024,13,15,28,37,40,57
MEGA-SENA,2690,20/02/2024,09,28,33,43,45,55
MEGA-SENA,2689,17/02/2024,09,16,20,47,48,52
MEGA-SENA,2688,15/02/2024,12,17,33,41,46,54
MEGA-SENA,2687,10/02/2024,02,04,24,30,34,50
MEGA-SENA,2686,08/02/2024,06,12,20,41,43,59
MEGA-SENA,2685,06/02/2024,09,16,31,46,47,51
MEGA-SENA,2684,03/02/2024,17,26,45,46,48,53
MEGA-SENA,2683,01/02/2024,01,03,23,27,47,57
MEGA-SENA,2682,30/01/2024,04,17,29,30,52,58
MEGA-SENA,2681,27/01/2024,10,20,30,42,47,53
MEGA-SENA,2680,25/01/2024,03,11,42,45,46,57
MEGA-SENA,2679,23/01/2024,07,18,20,26,38,51
MEGA-SENA,2678,20/01/2024,10,13,16,18,37,54
MEGA-SENA,2677,18/01/2024,03,07,32,34,42,54
MEGA-SENA,2676,16/01/2024,04,06,14,19,22,29
MEGA-SENA,2675,13/01/2024,01,26,31,34,42,45
MEGA-SENA,2674,11/01/2024,08,14,15,21,23,46
MEGA-SENA,2673,09/01/2024,04,27,35,45,52,56
MEGA-SENA,2672,06/01/2024,10,13,20,40,43,56
MEGA-SENA,2671,04/01/2024,16,19,43,53,57,58
MEGA-SENA,2670,31/12/2023,21,24,33,41,48,56
MEGA-SENA,2669,16/12/2023,04,07,16,35,46,54
MEGA-SENA,2668,14/12/2023,01,27,30,41,46,57
MEGA-SENA,2667,12/12/2023,01,04,08,21,46,51
MEGA-SENA,2666,09/12/2023,05,25,29,30,43,47
MEGA-SENA,2665,07/12/2023,03,14,21,22,37,39
MEGA-SENA,2664,05/12/2023,12,15,17,30,40,52
